{"cameraMode":{"drawMode":0,"name":"Shaded","section":"Shading Mode"},"sceneLighting":true,"audioPlay":false,"sceneViewState":{"showFog":true,"showMaterialUpdate":false,"showSkybox":false,"showFlares":true,"showImageEffects":true,"showParticleSystems":true},"in2DMode":false,"pivot":{"x":847.2014770507813,"y":-7.994125843048096,"z":367.6475830078125},"rotation":{"x":0.1270487755537033,"y":0.8390080332756043,"z":-0.2219463288784027,"w":0.48027482628822329},"size":210.17990112304688,"orthographic":false}