{"cameraMode":{"drawMode":0,"name":"Shaded","section":"Shading Mode"},"sceneLighting":true,"audioPlay":false,"sceneViewState":{"showFog":true,"showMaterialUpdate":false,"showSkybox":false,"showFlares":true,"showImageEffects":true,"showParticleSystems":true},"in2DMode":false,"pivot":{"x":911.0784301757813,"y":-7.169538497924805,"z":331.7388916015625},"rotation":{"x":0.005363618489354849,"y":0.978799045085907,"z":-0.203114852309227,"w":0.025848286226391794},"size":372.26416015625,"orthographic":false}